id,image_id,ip,created_at,updated_at
1,1,192.168.56.1,2015-10-27 17:29:55,2015-10-27 17:29:55
2,1,192.168.56.1,2015-10-27 17:29:57,2015-10-27 17:29:57
3,1,192.168.56.1,2015-10-27 17:30:29,2015-10-27 17:30:29
4,1,192.168.56.1,2015-10-27 20:54:54,2015-10-27 20:54:54
5,1,192.168.56.1,2015-10-27 20:55:03,2015-10-27 20:55:03
6,1,192.168.56.1,2015-10-28 05:56:45,2015-10-28 05:56:45
7,2,192.168.56.1,2015-10-28 06:30:03,2015-10-28 06:30:03
8,2,192.168.56.1,2015-10-28 06:30:10,2015-10-28 06:30:10
9,2,192.168.56.1,2015-10-28 06:30:13,2015-10-28 06:30:13
10,2,192.168.56.1,2015-10-28 06:30:16,2015-10-28 06:30:16
11,2,192.168.56.1,2015-10-28 06:30:17,2015-10-28 06:30:17
12,3,192.168.56.1,2015-10-28 06:30:20,2015-10-28 06:30:20
13,3,192.168.56.1,2015-10-28 06:30:23,2015-10-28 06:30:23
14,4,192.168.56.1,2015-10-28 06:30:28,2015-10-28 06:30:28
15,4,192.168.56.1,2015-10-28 06:30:32,2015-10-28 06:30:32
16,4,192.168.56.1,2015-10-28 06:30:37,2015-10-28 06:30:37
17,4,192.168.56.1,2015-10-28 06:30:40,2015-10-28 06:30:40
18,4,192.168.56.1,2015-10-28 06:30:43,2015-10-28 06:30:43
19,5,192.168.56.1,2015-10-28 06:30:46,2015-10-28 06:30:46
20,3,192.168.56.1,2015-10-28 06:30:49,2015-10-28 06:30:49
21,3,192.168.56.1,2015-10-28 06:30:54,2015-10-28 06:30:54
22,3,192.168.56.1,2015-10-28 06:30:54,2015-10-28 06:30:54
23,3,192.168.56.1,2015-10-28 06:30:56,2015-10-28 06:30:57
24,3,192.168.56.1,2015-10-28 06:31:00,2015-10-28 06:31:00
25,3,192.168.56.1,2015-10-28 06:31:10,2015-10-28 06:31:10
26,6,192.168.56.1,2015-10-28 06:31:12,2015-10-28 06:31:12
27,8,192.168.56.1,2015-10-28 06:31:14,2015-10-28 06:31:14
28,8,192.168.56.1,2015-10-28 06:31:16,2015-10-28 06:31:16
29,8,192.168.56.1,2015-10-28 06:31:17,2015-10-28 06:31:17
30,7,192.168.56.1,2015-10-28 06:31:19,2015-10-28 06:31:19
31,7,192.168.56.1,2015-10-28 06:31:24,2015-10-28 06:31:24
32,2,192.168.56.1,2015-10-28 06:31:28,2015-10-28 06:31:28
33,2,192.168.56.1,2015-10-28 06:31:34,2015-10-28 06:31:34
34,2,192.168.56.1,2015-10-28 06:31:37,2015-10-28 06:31:37
35,7,192.168.56.1,2015-10-28 06:31:44,2015-10-28 06:31:44
36,8,192.168.56.1,2015-10-28 06:31:50,2015-10-28 06:31:50
37,8,192.168.56.1,2015-10-28 06:31:55,2015-10-28 06:31:55
38,7,192.168.56.1,2015-10-28 06:32:01,2015-10-28 06:32:02
39,7,192.168.56.1,2015-10-28 06:32:06,2015-10-28 06:32:06
40,7,192.168.56.1,2015-10-28 06:32:12,2015-10-28 06:32:12
41,2,192.168.56.1,2015-10-28 06:32:16,2015-10-28 06:32:16
42,3,192.168.56.1,2015-10-28 06:32:22,2015-10-28 06:32:22
43,3,192.168.56.1,2015-10-28 06:32:22,2015-10-28 06:32:22
44,3,192.168.56.1,2015-10-28 06:32:26,2015-10-28 06:32:26
45,4,192.168.56.1,2015-10-28 06:32:32,2015-10-28 06:32:32
46,5,192.168.56.1,2015-10-28 06:32:48,2015-10-28 06:32:48
47,2,192.168.56.1,2015-10-28 06:32:53,2015-10-28 06:32:53
48,2,192.168.56.1,2015-10-28 06:32:53,2015-10-28 06:32:53
49,2,192.168.56.1,2015-10-28 06:32:53,2015-10-28 06:32:53
50,2,192.168.56.1,2015-10-28 06:32:53,2015-10-28 06:32:53
51,3,192.168.56.1,2015-10-28 06:32:58,2015-10-28 06:32:58
52,3,192.168.56.1,2015-10-28 06:32:59,2015-10-28 06:32:59
53,3,192.168.56.1,2015-10-28 06:32:59,2015-10-28 06:32:59
54,3,192.168.56.1,2015-10-28 06:32:59,2015-10-28 06:32:59
55,4,192.168.56.1,2015-10-28 06:33:04,2015-10-28 06:33:04
56,4,192.168.56.1,2015-10-28 06:33:04,2015-10-28 06:33:04
57,5,192.168.56.1,2015-10-28 06:33:10,2015-10-28 06:33:10
58,5,192.168.56.1,2015-10-28 06:33:10,2015-10-28 06:33:10
59,5,192.168.56.1,2015-10-28 06:33:10,2015-10-28 06:33:10
60,5,192.168.56.1,2015-10-28 06:33:10,2015-10-28 06:33:10
61,5,192.168.56.1,2015-10-28 06:33:10,2015-10-28 06:33:10
62,5,192.168.56.1,2015-10-28 06:33:10,2015-10-28 06:33:10
63,7,192.168.56.1,2015-10-28 06:33:18,2015-10-28 06:33:18
64,7,192.168.56.1,2015-10-28 06:33:18,2015-10-28 06:33:18
65,7,192.168.56.1,2015-10-28 06:33:18,2015-10-28 06:33:18
66,7,192.168.56.1,2015-10-28 06:33:18,2015-10-28 06:33:18
67,2,192.168.56.1,2015-10-28 06:33:22,2015-10-28 06:33:22
68,2,192.168.56.1,2015-10-28 06:33:22,2015-10-28 06:33:22
69,2,192.168.56.1,2015-10-28 06:33:23,2015-10-28 06:33:23
70,2,192.168.56.1,2015-10-28 06:33:23,2015-10-28 06:33:23
71,2,192.168.56.1,2015-10-28 06:33:23,2015-10-28 06:33:23
72,2,192.168.56.1,2015-10-28 06:33:23,2015-10-28 06:33:23
73,2,192.168.56.1,2015-10-28 06:33:24,2015-10-28 06:33:24
74,2,192.168.56.1,2015-10-28 06:33:24,2015-10-28 06:33:24
75,2,192.168.56.1,2015-10-28 06:33:24,2015-10-28 06:33:24
76,3,192.168.56.1,2015-10-28 06:33:29,2015-10-28 06:33:29
77,3,192.168.56.1,2015-10-28 06:33:29,2015-10-28 06:33:29
78,3,192.168.56.1,2015-10-28 06:33:29,2015-10-28 06:33:29
79,3,192.168.56.1,2015-10-28 06:33:30,2015-10-28 06:33:30
80,3,192.168.56.1,2015-10-28 06:33:30,2015-10-28 06:33:30
81,3,192.168.56.1,2015-10-28 06:33:30,2015-10-28 06:33:30
82,3,192.168.56.1,2015-10-28 06:33:30,2015-10-28 06:33:30
83,3,192.168.56.1,2015-10-28 06:33:31,2015-10-28 06:33:31
84,3,192.168.56.1,2015-10-28 06:33:31,2015-10-28 06:33:31
85,3,192.168.56.1,2015-10-28 06:33:31,2015-10-28 06:33:31
86,3,192.168.56.1,2015-10-28 06:33:31,2015-10-28 06:33:31
87,3,192.168.56.1,2015-10-28 07:21:37,2015-10-28 07:21:37
88,2,192.168.56.1,2015-10-28 07:22:40,2015-10-28 07:22:40
89,3,192.168.56.1,2015-10-28 07:22:55,2015-10-28 07:22:55
90,7,192.168.56.1,2015-10-28 07:39:41,2015-10-28 07:39:41
91,9,192.168.56.1,2015-10-28 07:40:50,2015-10-28 07:40:50
92,9,192.168.56.1,2015-10-28 07:40:56,2015-10-28 07:40:57
93,9,192.168.56.1,2015-10-28 07:41:00,2015-10-28 07:41:00
94,9,192.168.56.1,2015-10-28 07:41:03,2015-10-28 07:41:03
95,9,192.168.56.1,2015-10-28 07:41:09,2015-10-28 07:41:09
96,9,192.168.56.1,2015-10-28 07:41:09,2015-10-28 07:41:09
97,9,192.168.56.1,2015-10-28 07:41:09,2015-10-28 07:41:09
98,9,192.168.56.1,2015-10-28 07:41:09,2015-10-28 07:41:09
99,9,192.168.56.1,2015-10-28 07:41:09,2015-10-28 07:41:09
100,9,192.168.56.1,2015-10-28 07:41:13,2015-10-28 07:41:13
101,9,192.168.56.1,2015-10-28 07:41:14,2015-10-28 07:41:14
102,9,192.168.56.1,2015-10-28 07:41:14,2015-10-28 07:41:14
103,9,192.168.56.1,2015-10-28 07:41:19,2015-10-28 07:41:19
104,9,192.168.56.1,2015-10-28 07:41:19,2015-10-28 07:41:19
105,9,192.168.56.1,2015-10-28 07:41:19,2015-10-28 07:41:19
106,9,192.168.56.1,2015-10-28 07:41:22,2015-10-28 07:41:22
107,9,192.168.56.1,2015-10-28 07:41:22,2015-10-28 07:41:22
108,9,192.168.56.1,2015-10-28 07:41:22,2015-10-28 07:41:23
109,9,192.168.56.1,2015-10-28 07:41:23,2015-10-28 07:41:23
110,9,192.168.56.1,2015-10-28 07:41:23,2015-10-28 07:41:23
111,9,192.168.56.1,2015-10-28 07:41:23,2015-10-28 07:41:23
112,9,192.168.56.1,2015-10-28 07:41:28,2015-10-28 07:41:28
113,9,192.168.56.1,2015-10-28 07:41:28,2015-10-28 07:41:28
114,9,192.168.56.1,2015-10-28 07:41:28,2015-10-28 07:41:28
115,9,192.168.56.1,2015-10-28 07:41:28,2015-10-28 07:41:28
116,2,192.168.56.1,2015-10-28 08:10:07,2015-10-28 08:10:07
117,2,192.168.56.1,2015-10-28 08:10:23,2015-10-28 08:10:23
118,2,192.168.56.1,2015-10-28 08:11:31,2015-10-28 08:11:31
119,2,192.168.56.1,2015-10-28 08:11:40,2015-10-28 08:11:40
120,2,192.168.56.1,2015-10-28 08:13:37,2015-10-28 08:13:37
121,2,192.168.56.1,2015-10-28 08:14:13,2015-10-28 08:14:13
122,2,192.168.56.1,2015-10-28 08:14:57,2015-10-28 08:14:57
